School_ID,SCHOOL,BUDGET_1819,INCREASE,BUDGET_1718,IS_CHARTER,RCDTS
"400,120",ACERO - CLEMENTE_„(CHARTER),"$6,342,887 ",-0.3,"$6,361,973 ",1,15016299025268C
"400,121",ACERO - DE LA CRUZ_„(CHARTER),"$7,452,310 ",-7.5,"$8,056,551 ",1,15016299025049C
"400,081",ACERO - DE LAS CASAS_„(CHARTER),"$3,253,579 ",-0.6,"$3,273,218 ",1,15016299025262C
"400,082",ACERO - FUENTES_„(CHARTER),"$6,335,654 ",-1.3,"$6,419,102 ",1,15016299025261C
"400,085",ACERO - GARCIA HS_„(CHARTER),"$6,842,441 ",-4.9,"$7,194,996 ",1,15016299025085C
"400,112",ACERO - IDAR_„(CHARTER),"$6,656,579 ",-0.2,"$6,669,919 ",1,15016299025284C
"400,089",ACERO - MARQUEZ_„(CHARTER),"$6,746,122 ",0.9,"$6,685,948 ",1,15016299025263C
"400,083",ACERO - PAZ_„(CHARTER),"$4,033,686 ",-6.7,"$4,323,350 ",1,15016299025259C
"400,114",ACERO - SANTIAGO_„(CHARTER),"$3,383,253 ",1.5,"$3,333,254 ",1,15016299025267C
"400,149",ACERO - SOTO HS_„(CHARTER),"$6,216,071 ",-6.5,"$6,648,204 ",1,15016299025086C
"400,084",ACERO - TAMAYO_„(CHARTER),"$3,434,966 ",1.6,"$3,380,872 ",1,15016299025260C
"400,080",ACERO - TORRES_„(CHARTER),"$6,820,671 ",0.5,"$6,786,737 ",1,15016299025285C
"400,079",ACERO - ZIZUMBO_„(CHARTER),"$7,305,708 ",-0.1,"$7,313,021 ",1,15016299025264C
"609,772",ADDAMS,"$4,907,617 ",1.38,"$4,840,814 ",0,1.50E+14
"609,773",AGASSIZ,"$4,008,545 ",0.4,"$3,992,575 ",0,1.50E+14
"400,060",AHS - PASSAGES_„(CHARTER),"$4,558,599 ",-5.1,"$4,803,582 ",1,15016299025214C
"610,513",AIR FORCE HS,"$3,124,679 ",1.29,"$3,084,884 ",0,1.50E+14
"610,212",ALBANY PARK,"$2,376,573 ",6.99,"$2,221,304 ",0,1.50E+14
"609,774",ALCOTT ES,"$4,647,066 ",4.65,"$4,440,579 ",0,1.50E+14
"610,524",ALCOTT HS,"$2,269,665 ",4.65,"$2,168,815 ",0,1.50E+14
"609,848",ALDRIDGE,"$1,608,494 ",6.54,"$1,509,756 ",0,1.50E+14
"609,695",AMUNDSEN HS,"$10,860,365 ",6.82,"$10,166,977 ",0,1.50E+14
"609,951",ARIEL,"$4,095,454 ",4.39,"$3,923,224 ",0,1.50E+14
"609,777",ARMOUR,"$2,196,714 ",10.75,"$1,983,489 ",0,1.50E+14
"609,779",ARMSTRONG G,"$9,561,094 ",1.81,"$9,391,115 ",0,1.50E+14
"610,287",ASHBURN,"$4,196,682 ",-2,"$4,282,329 ",0,1.50E+14
"610,268",ASHE,"$2,355,444 ",-0.45,"$2,366,091 ",0,1.50E+14
"400,172",ASPIRA - BUSINESS & FINANCE HS(CHARTER),"$8,004,715 ",26.6,"$6,322,840 ",1,15016299025079C
"400,013",ASPIRA - EARLY COLLEGE HS_„(CHARTER),"$4,654,676 ",-7.8,"$5,048,456 ",1,15016299025074C
"400,017",ASPIRA - HAUGAN_„(CHARTER),"$3,242,073 ",-28.5,"$4,534,368 ",1,15016299025110C
"609,782",AUDUBON,"$3,494,841 ",2.42,"$3,412,264 ",0,1.50E+14
"610,518",AUSTIN CCA,"$2,672,914 ",-1.29,"$2,707,845 ",0,1.50E+14
"609,786",AVALON PARK,"$2,325,737 ",2.5,"$2,269,012 ",0,1.50E+14
"610,544",AZUELA,"$6,337,043 ",-1.21,"$6,414,660 ",0,1.50E+14
"610,563",BACK OF THE YARDS HS,"$8,532,613 ",3.13,"$8,273,648 ",0,1.50E+14
"609,788",BARNARD,"$2,616,743 ",0.93,"$2,592,632 ",0,1.50E+14
"609,789",BARRY,"$4,928,075 ",6.07,"$4,646,059 ",0,1.50E+14
"609,790",BARTON,"$3,204,115 ",4.65,"$3,061,744 ",0,1.50E+14
"609,791",BASS,"$3,358,273 ",3.83,"$3,234,396 ",0,1.50E+14
"609,792",BATEMAN,"$6,874,746 ",2.5,"$6,707,069 ",0,1.50E+14
"610,083",BEARD,"$3,082,579 ",1.39,"$3,040,319 ",0,1.50E+14
"610,246",BEASLEY,"$8,095,499 ",0.87,"$8,025,676 ",0,1.50E+14
"609,796",BEAUBIEN,"$7,068,778 ",2.55,"$6,893,006 ",0,1.50E+14
"610,237",BEETHOVEN,"$2,748,707 ",-3.75,"$2,855,799 ",0,1.50E+14
"609,797",BEIDLER,"$3,096,795 ",-3.54,"$3,210,445 ",0,1.50E+14
"609,798",BELDING,"$4,044,820 ",4.97,"$3,853,310 ",0,1.50E+14
"609,799",BELL,"$6,687,773 ",2.55,"$6,521,475 ",0,1.50E+14
"609,922",BELMONT-CRAGIN,"$2,850,042 ",3.32,"$2,758,461 ",0,1.50E+14
"609,800",BENNETT,"$2,204,886 ",1.68,"$2,168,456 ",0,1.50E+14
"610,350",BLACK,"$3,334,313 ",0.69,"$3,311,464 ",0,1.50E+14
"609,803",BLAINE,"$5,567,247 ",15.61,"$4,815,541 ",0,1.50E+14
"610,087",BLAIR,"$3,359,864 ",4.63,"$3,211,186 ",0,1.50E+14
"609,698",BOGAN HS,"$7,540,895 ",-0.18,"$7,554,493 ",0,1.50E+14
"610,238",BOND,"$2,738,058 ",2.81,"$2,663,221 ",0,1.50E+14
"609,804",BOONE,"$6,602,233 ",7.04,"$6,168,005 ",0,1.50E+14
"609,815",BOUCHET,"$5,154,259 ",2.76,"$5,015,822 ",0,1.50E+14
"610,323",BOWEN HS,"$3,389,536 ",1.27,"$3,347,029 ",0,1.50E+14
"609,806",BRADWELL,"$4,072,784 ",-5.02,"$4,288,044 ",0,1.50E+14
"610,242",BRENNEMANN,"$3,802,194 ",0.97,"$3,765,667 ",0,1.50E+14
"609,809",BRENTANO,"$3,521,384 ",1.59,"$3,466,270 ",0,1.50E+14
"609,810",BRIDGE,"$6,991,093 ",4.5,"$6,690,041 ",0,1.50E+14
"609,811",BRIGHT,"$2,750,212 ",-0.18,"$2,755,171 ",0,1.50E+14
"610,317",BRIGHTON PARK,"$3,233,468 ",5.72,"$3,058,521 ",0,1.50E+14
"610,590",BRONZEVILLE CLASSICAL,"$1,335,882 ",0,"$1,335,882 ",0,1.50E+14
"610,381",BRONZEVILLE HS,"$2,975,846 ",6.02,"$2,806,872 ",0,1.50E+14
"609,726",BROOKS HS,"$7,593,287 ",0.66,"$7,543,500 ",0,1.50E+14
"610,091",BROWN R,"$2,712,026 ",-1.9,"$2,764,552 ",0,1.50E+14
"609,812",BROWN W,"$2,838,851 ",1.13,"$2,807,130 ",0,1.50E+14
"609,813",BROWNELL,"$1,590,374 ",6.8,"$1,489,114 ",0,1.50E+14
"609,830",BRUNSON,"$3,583,010 ",3.47,"$3,462,849 ",0,1.50E+14
"609,817",BUDLONG,"$4,895,441 ",1.15,"$4,839,783 ",0,1.50E+14
"609,818",BURBANK,"$6,924,006 ",2.29,"$6,768,996 ",0,1.50E+14
"609,819",BURKE,"$3,249,169 ",2.66,"$3,164,981 ",0,1.50E+14
"609,820",BURLEY,"$3,505,827 ",1.08,"$3,468,369 ",0,1.50E+14
"609,821",BURNHAM,"$4,426,900 ",6.99,"$4,137,676 ",0,1.50E+14
"609,827",BURNSIDE,"$4,147,584 ",1.19,"$4,098,808 ",0,1.50E+14
"609,828",BURR,"$2,758,952 ",9.71,"$2,514,768 ",0,1.50E+14
"609,829",BURROUGHS,"$3,495,274 ",6.76,"$3,273,955 ",0,1.50E+14
"609,832",BYRNE,"$5,204,930 ",2.22,"$5,091,890 ",0,1.50E+14
"609,833",CALDWELL,"$1,779,048 ",2.72,"$1,731,939 ",0,1.50E+14
"610,353",CALMECA,"$5,678,680 ",3.25,"$5,499,932 ",0,1.50E+14
"400,147",CAMELOT - CHICAGO EXCEL HS,"$2,616,850 ",0.74,"$2,597,628 ",0,1.50E+14
"610,565",CAMELOT - EXCEL ENGLEWOOD HS,"$2,328,065 ",4.4,"$2,229,947 ",0,1.50E+14
"400,176",CAMELOT - EXCEL SOUTHWEST HS,"$1,354,789 ",3.97,"$1,303,058 ",0,1.50E+14
"609,835",CAMERON,"$5,777,679 ",2.45,"$5,639,511 ",0,1.50E+14
"610,539",CAMRAS,"$6,555,501 ",1.77,"$6,441,487 ",0,1.50E+14
"609,836",CANTY,"$5,861,150 ",6.73,"$5,491,568 ",0,1.50E+14
"610,024",CARDENAS,"$8,079,867 ",58.85,"$5,086,476 ",0,1.50E+14
"609,837",CARNEGIE,"$4,669,712 ",0.76,"$4,634,490 ",0,1.50E+14
"609,839",CARROLL,"$3,594,613 ",-1.6,"$3,653,062 ",0,1.50E+14
"609,842",CARSON,"$7,244,704 ",4.46,"$6,935,386 ",0,1.50E+14
"609,844",CARTER,"$2,916,159 ",5.49,"$2,764,394 ",0,1.50E+14
"609,845",CARVER G,"$3,357,796 ",0.51,"$3,340,758 ",0,1.50E+14
"609,760",CARVER MILITARY HS,"$4,628,457 ",6.1,"$4,362,353 ",0,1.50E+14
"610,021",CASALS,"$2,999,949 ",2.64,"$2,922,787 ",0,1.50E+14
"609,849",CASSELL,"$3,676,883 ",-0.45,"$3,693,504 ",0,1.50E+14
"400,021",CATALYST - CIRCLE ROCK_„(CHARTER),"$6,091,424 ",1.3,"$6,013,252 ",1,15016299025228C
"400,115",CATALYST - MARIA_„(CHARTER),"$13,224,189 ",1.2,"$13,067,380 ",1,15016299025232C
"610,251",CATHER,"$2,701,938 ",-1.8,"$2,751,464 ",0,1.50E+14
"609,851",CHALMERS,"$2,647,752 ",3.27,"$2,563,912 ",0,1.50E+14
"609,852",CHAPPELL,"$4,583,146 ",-2.33,"$4,692,481 ",0,1.50E+14
"609,853",CHASE,"$4,124,450 ",-0.69,"$4,153,106 ",0,1.50E+14
"610,148",CHAVEZ,"$7,136,077 ",2.08,"$6,990,671 ",0,1.50E+14
"610,248",CHICAGO ACADEMY ES,"$3,987,231 ",7.81,"$3,698,387 ",0,1.50E+14
"610,340",CHICAGO ACADEMY HS,"$4,693,441 ",2.19,"$4,592,857 ",0,1.50E+14
"609,753",CHICAGO AGRICULTURE HS,"$6,979,908 ",5.93,"$6,589,170 ",0,1.50E+14
"400,022",CHICAGO ARTS HS,"$4,686,006 ",3.72,"$4,517,939 ",0,1.50E+14
"400,161",CHICAGO COLLEGIATE_„(CHARTER),"$5,271,198 ",8.6,"$4,853,773 ",1,15016299025236C
"400,035",CHICAGO MATH & SCIENCE HS_„(CHARTER),"$7,060,173 ",-0.4,"$7,088,527 ",1,15016299025217C
"609,754",CHICAGO MILITARY HS,"$3,243,540 ",8.99,"$2,975,998 ",0,1.50E+14
"400,091",CHICAGO TECH HS,"$2,584,198 ",5.66,"$2,445,768 ",0,1.50E+14
"400,036",CHICAGO VIRTUAL_„(CHARTER),"$8,148,683 ",-0.2,"$8,165,013 ",1,15016299025225C
"609,674",CHICAGO VOCATIONAL HS,"$8,912,728 ",0.66,"$8,854,290 ",0,1.50E+14
"609,854",CHOPIN,"$4,228,009 ",6.97,"$3,952,518 ",0,1.50E+14
"609,855",CHRISTOPHER,"$6,586,631 ",0.54,"$6,551,254 ",0,1.50E+14
"400,159",CHRISTOPHER HOUSE_„(CHARTER),"$4,720,355 ",15.8,"$4,076,300 ",1,15016299025235C
"400,023",CICS - AVALON/SOUTH SHORE_„(CHARTER),"$5,371,482 ",-2.2,"$5,492,313 ",1,15016299025252C
"400,024",CICS - BASIL_„(CHARTER),"$8,433,985 ",-0.5,"$8,476,367 ",1,15016299025277C
"400,092",CICS - BOND_„(CHARTER),"$3,821,295 ",-1.8,"$3,891,339 ",1,15016299025280C
"400,025",CICS - BUCKTOWN_„(CHARTER),"$8,055,773 ",-0.9,"$8,128,933 ",1,15016299025246C
"400,113",CICS - CHICAGOQUEST HS_„(CHARTER),"$3,147,958 ",4,"$3,026,883 ",1,15016299025027C
"400,032",CICS - ELLISON HS_„(CHARTER),"$4,903,612 ",-4.1,"$5,113,255 ",1,15016299025083C
"400,027",CICS - IRVING PARK_„(CHARTER),"$6,361,246 ",-0.6,"$6,399,644 ",1,15016299025254C
"400,033",CICS - LONGWOOD_„(CHARTER),"$16,055,481 ",-0.7,"$16,168,662 ",1,15016299025247C
"400,026",CICS - LOOMIS_„(CHARTER),"$6,353,355 ",-1.5,"$6,450,107 ",1,15016299025255C
"400,034",CICS - NORTHTOWN HS_„(CHARTER),"$11,717,994 ",2.5,"$11,432,189 ",1,15016299025082C
"400,028",CICS - PRAIRIE_„(CHARTER),"$5,087,722 ",4,"$4,892,040 ",1,15016299025248C
"400,029",CICS - WASHINGTON PARK_„(CHARTER),"$5,229,088 ",-0.4,"$5,250,088 ",1,15016299025249C
"400,030",CICS - WEST BELDEN_„(CHARTER),"$6,209,560 ",1.1,"$6,141,998 ",1,15016299025251C
"400,031",CICS - WRIGHTWOOD_„(CHARTER),"$8,669,644 ",-1.2,"$8,774,943 ",1,15016299025278C
"610,347",CLAREMONT,"$4,300,264 ",7.65,"$3,994,672 ",0,1.50E+14
"609,795",CLARK ES,"$2,010,136 ",9.31,"$1,838,931 ",0,1.50E+14
"610,244",CLARK HS,"$5,058,993 ",0.93,"$5,012,378 ",0,1.50E+14
"609,856",CLAY,"$4,255,477 ",0.04,"$4,253,775 ",0,1.50E+14
"609,759",CLEMENTE HS,"$7,416,797 ",5.41,"$7,036,142 ",0,1.50E+14
"609,857",CLEVELAND,"$4,852,311 ",3.54,"$4,686,412 ",0,1.50E+14
"609,859",CLINTON,"$8,044,864 ",3.71,"$7,757,076 ",0,1.50E+14
"609,861",CLISSOLD,"$4,539,577 ",5.76,"$4,292,338 ",0,1.50E+14
"610,199",COLEMON,"$1,775,079 ",-2.15,"$1,814,082 ",0,1.50E+14
"609,862",COLES,"$3,123,399 ",0.63,"$3,103,845 ",0,1.50E+14
"610,499",COLLINS HS,"$2,593,471 ",6.85,"$2,427,207 ",0,1.50E+14
"610,170",COLUMBIA EXPLORERS,"$7,022,829 ",-2.5,"$7,202,902 ",0,1.50E+14
"609,863",COLUMBUS,"$1,847,709 ",-2.72,"$1,899,372 ",0,1.50E+14
"609,864",COOK,"$3,241,301 ",1.54,"$3,192,142 ",0,1.50E+14
"609,866",COONLEY,"$6,824,760 ",4.56,"$6,527,123 ",0,1.50E+14
"609,867",COOPER,"$3,816,048 ",3.65,"$3,681,667 ",0,1.50E+14
"609,870",CORKERY,"$4,195,284 ",1.91,"$4,116,656 ",0,1.50E+14
"609,761",CORLISS HS,"$3,602,559 ",-1.05,"$3,640,787 ",0,1.50E+14
"610,355",COURTENAY,"$3,724,399 ",-4.12,"$3,884,438 ",0,1.50E+14
"610,561",CRANE MEDICAL HS,"$4,215,389 ",4.47,"$4,035,023 ",0,1.50E+14
"609,873",CROWN,"$2,153,313 ",3,"$2,090,595 ",0,1.50E+14
"610,003",CUFFE,"$2,339,519 ",-0.22,"$2,344,677 ",0,1.50E+14
"610,004",CULLEN,"$1,548,711 ",15,"$1,346,705 ",0,1.50E+14
"609,756",CURIE HS,"$24,362,751 ",-0.28,"$24,431,158 ",0,1.50E+14
"609,900",CURTIS,"$3,862,086 ",-0.49,"$3,881,103 ",0,1.50E+14
"610,239",DALEY,"$4,256,804 ",4.37,"$4,078,570 ",0,1.50E+14
"609,875",DARWIN,"$3,628,203 ",3.57,"$3,503,141 ",0,1.50E+14
"610,521",DAVIS M,"$2,334,302 ",2.77,"$2,271,385 ",0,1.50E+14
"609,876",DAVIS N,"$5,117,667 ",-2.42,"$5,244,586 ",0,1.50E+14
"609,879",DAWES,"$7,653,333 ",-1.48,"$7,768,304 ",0,1.50E+14
"610,313",DE DIEGO,"$4,289,746 ",1.15,"$4,240,975 ",0,1.50E+14
"609,880",DECATUR,"$1,983,112 ",-1.94,"$2,022,346 ",0,1.50E+14
"609,883",DENEEN,"$3,721,618 ",-4.42,"$3,893,720 ",0,1.50E+14
"610,367",DEPRIEST,"$5,087,293 ",0.06,"$5,084,242 ",0,1.50E+14
"610,252",DETT,"$2,974,613 ",2.37,"$2,905,747 ",0,1.50E+14
"609,884",DEVER,"$5,472,518 ",1.37,"$5,398,558 ",0,1.50E+14
"610,402",DEVRY HS,"$1,830,027 ",1.87,"$1,796,434 ",0,1.50E+14
"609,885",DEWEY,"$2,861,828 ",1.41,"$2,822,037 ",0,1.50E+14
"609,874",DIRKSEN,"$6,299,734 ",3.81,"$6,068,523 ",0,1.50E+14
"610,363",DISNEY,"$10,490,292 ",2.34,"$10,250,432 ",0,1.50E+14
"610,515",DISNEY II ES,"$3,143,608 ",3.37,"$3,041,123 ",0,1.50E+14
"610,564",DISNEY II HS,"$5,099,474 ",3.37,"$4,933,224 ",0,1.50E+14
"609,887",DIXON,"$3,849,414 ",1.67,"$3,786,185 ",0,1.50E+14
"609,891",DOOLITTLE,"$1,984,622 ",6.47,"$1,864,020 ",0,1.50E+14
"609,893",DORE,"$4,882,161 ",-1.18,"$4,940,458 ",0,1.50E+14
"610,245",DOUGLASS HS,"$1,513,720 ",-0.27,"$1,517,818 ",0,1.50E+14
"609,894",DRAKE,"$2,805,671 ",-3.14,"$2,896,625 ",0,1.50E+14
"609,896",DRUMMOND,"$2,615,790 ",1.11,"$2,587,073 ",0,1.50E+14
"610,364",DUBOIS,"$2,087,744 ",-2.81,"$2,148,106 ",0,1.50E+14
"610,263",DULLES,"$4,641,594 ",1.51,"$4,572,549 ",0,1.50E+14
"609,676",DUNBAR HS,"$5,032,373 ",-2.62,"$5,167,769 ",0,1.50E+14
"610,188",DUNNE,"$1,983,961 ",3.73,"$1,912,620 ",0,1.50E+14
"610,352",DURKIN PARK,"$4,843,704 ",-0.47,"$4,866,577 ",0,1.50E+14
"610,254",DVORAK,"$2,743,910 ",-0.09,"$2,746,382 ",0,1.50E+14
"610,587",DYETT ARTS HS,"$3,806,171 ",41.67,"$2,686,646 ",0,1.50E+14
"610,316",EARHART,"$1,842,848 ",5.18,"$1,752,090 ",0,1.50E+14
"609,897",EARLE,"$3,189,724 ",-2.77,"$3,280,597 ",0,1.50E+14
"609,898",EBERHART,"$10,054,419 ",2.78,"$9,782,466 ",0,1.50E+14
"609,899",EBINGER,"$5,560,216 ",6.5,"$5,220,860 ",0,1.50E+14
"609,901",EDGEBROOK,"$3,259,042 ",5.57,"$3,087,091 ",0,1.50E+14
"609,794",EDISON,"$1,809,565 ",1.14,"$1,789,168 ",0,1.50E+14
"610,523",EDISON PARK,"$4,199,570 ",1.98,"$4,118,033 ",0,1.50E+14
"609,903",EDWARDS,"$10,664,871 ",1,"$10,559,278 ",0,1.50E+14
"609,904",ELLINGTON,"$4,466,869 ",-1.54,"$4,536,735 ",0,1.50E+14
"400,094",EPIC HS_„(CHARTER),"$7,208,254 ",9.7,"$6,570,879 ",1,15016299025015C
"609,907",ERICSON,"$3,205,400 ",1.51,"$3,157,718 ",0,1.50E+14
"400,039",ERIE_„(CHARTER),"$4,945,375 ",-0.5,"$4,970,226 ",1,15016299025219C
"609,908",ESMOND,"$2,341,164 ",-0.59,"$2,355,059 ",0,1.50E+14
"609,909",EVERETT,"$1,823,248 ",24.75,"$1,461,521 ",0,1.50E+14
"610,319",EVERGREEN,"$2,767,223 ",5.59,"$2,620,725 ",0,1.50E+14
"610,362",EVERS,"$2,243,927 ",-0.43,"$2,253,618 ",0,1.50E+14
"610,057",FAIRFIELD,"$4,142,029 ",4.47,"$3,964,802 ",0,1.50E+14
"609,910",FALCONER,"$8,258,326 ",3.14,"$8,006,909 ",0,1.50E+14
"610,055",FARADAY,"$1,946,419 ",-0.74,"$1,960,930 ",0,1.50E+14
"609,912",FARNSWORTH,"$5,277,635 ",-0.2,"$5,288,211 ",0,1.50E+14
"609,704",FARRAGUT HS,"$7,496,681 ",2.8,"$7,292,491 ",0,1.50E+14
"609,705",FENGER HS,"$2,528,118 ",6.87,"$2,365,601 ",0,1.50E+14
"609,917",FERNWOOD,"$2,349,741 ",6.26,"$2,211,313 ",0,1.50E+14
"609,918",FIELD,"$1,416,563 ",4.65,"$1,353,620 ",0,1.50E+14
"609,967",FINKL,"$3,174,228 ",3.91,"$3,054,786 ",0,1.50E+14
"609,919",FISKE,"$3,471,926 ",10.46,"$3,143,152 ",0,1.50E+14
"609,708",FOREMAN HS,"$8,290,304 ",2.86,"$8,059,794 ",0,1.50E+14
"609,924",FORT DEARBORN,"$3,089,429 ",-3.15,"$3,189,911 ",0,1.50E+14
"609,927",FOSTER PARK,"$3,079,284 ",0.74,"$3,056,665 ",0,1.50E+14
"400,171",FOUNDATIONS_„(CHARTER),"$3,332,975 ",9.2,"$3,052,175 ",1,15016299025081C
"609,926",FRANKLIN,"$2,814,944 ",5.71,"$2,662,893 ",0,1.50E+14
"400,040",FRAZIER CHARTER_„(CHARTER),"$3,139,720 ",-11.2,"$3,535,721 ",1,15016299025238C
"610,503",FRAZIER PROSPECTIVE,"$1,962,900 ",-1.28,"$1,988,351 ",0,1.50E+14
"609,928",FULLER,"$2,586,040 ",3.59,"$2,496,419 ",0,1.50E+14
"609,929",FULTON,"$2,632,965 ",2.96,"$2,557,270 ",0,1.50E+14
"609,930",FUNSTON,"$3,694,571 ",2.62,"$3,600,245 ",0,1.50E+14
"609,709",GAGE PARK HS,"$3,291,604 ",8.51,"$3,033,457 ",0,1.50E+14
"609,933",GALE,"$3,104,900 ",-0.7,"$3,126,788 ",0,1.50E+14
"610,009",GALILEO,"$4,601,902 ",8.27,"$4,250,394 ",0,1.50E+14
"609,935",GALLISTEL,"$6,484,826 ",-1.53,"$6,585,585 ",0,1.50E+14
"610,128",GARVEY,"$1,788,793 ",9.51,"$1,633,452 ",0,1.50E+14
"609,937",GARVY,"$5,615,578 ",4.79,"$5,358,887 ",0,1.50E+14
"609,938",GARY,"$8,534,144 ",4.78,"$8,144,822 ",0,1.50E+14
"609,939",GILLESPIE,"$3,773,230 ",-2.2,"$3,858,108 ",0,1.50E+14
"400,009",GLOBAL CITIZENSHIP_„(CHARTER),"$4,909,502 ",-0.7,"$4,944,111 ",1,15016299025229C
"609,942",GOETHE,"$4,868,189 ",2.72,"$4,739,281 ",0,1.50E+14
"610,558",GOODE HS,"$8,172,984 ",10.04,"$7,427,285 ",0,1.50E+14
"609,945",GOUDY,"$5,367,451 ",4.77,"$5,123,080 ",0,1.50E+14
"609,947",GRAHAM ES,"$2,909,055 ",0.84,"$2,884,822 ",0,1.50E+14
"609,769",GRAHAM HS,"$3,218,973 ",1.52,"$3,170,777 ",0,1.50E+14
"609,949",GRAY,"$8,154,145 ",0.63,"$8,103,095 ",0,1.50E+14
"400,168",GREAT LAKES_„(CHARTER),"$3,977,394 ",16.5,"$3,414,072 ",1,15016299025241C
"609,850",GREELEY,"$4,300,149 ",-0.21,"$4,309,198 ",0,1.50E+14
"610,032",GREEN,"$2,966,561 ",3.94,"$2,854,109 ",0,1.50E+14
"609,952",GREENE,"$3,615,039 ",0.52,"$3,596,338 ",0,1.50E+14
"609,954",GREGORY,"$2,665,806 ",-1.35,"$2,702,287 ",0,1.50E+14
"609,955",GRESHAM,"$2,483,628 ",2.32,"$2,427,314 ",0,1.50E+14
"609,956",GRIMES,"$3,145,120 ",5.86,"$2,971,018 ",0,1.50E+14
"609,944",GRISSOM,"$2,523,441 ",-0.76,"$2,542,766 ",0,1.50E+14
"609,958",GUNSAULUS,"$5,718,027 ",5.14,"$5,438,489 ",0,1.50E+14
"609,959",HAINES,"$4,502,058 ",2.03,"$4,412,485 ",0,1.50E+14
"609,960",HALE,"$7,060,877 ",4.16,"$6,778,876 ",0,1.50E+14
"609,808",HALEY,"$4,162,774 ",-1.55,"$4,228,313 ",0,1.50E+14
"609,963",HAMILTON,"$3,075,520 ",7.91,"$2,850,079 ",0,1.50E+14
"609,964",HAMLINE,"$4,329,292 ",1.56,"$4,262,792 ",0,1.50E+14
"609,966",HAMMOND,"$3,282,320 ",5.57,"$3,109,141 ",0,1.50E+14
"609,807",HAMPTON,"$4,677,948 ",2.19,"$4,577,696 ",0,1.50E+14
"609,694",HANCOCK HS,"$7,408,392 ",1.33,"$7,311,154 ",0,1.50E+14
"610,068",HANSON PARK,"$12,129,468 ",3.12,"$11,762,479 ",0,1.50E+14
"609,710",HARLAN HS,"$4,157,497 ",-3.5,"$4,308,287 ",0,1.50E+14
"609,711",HARPER HS,"$1,910,206 ",-0.26,"$1,915,185 ",0,1.50E+14
"609,969",HARTE,"$2,477,228 ",1.65,"$2,437,017 ",0,1.50E+14
"609,971",HARVARD,"$3,054,986 ",-2.52,"$3,133,962 ",0,1.50E+14
"609,972",HAUGAN,"$6,923,858 ",9.67,"$6,313,356 ",1,1.50E+14
"609,974",HAWTHORNE,"$4,251,468 ",2.72,"$4,138,890 ",0,1.50E+14
"609,975",HAY,"$2,434,529 ",3.97,"$2,341,569 ",0,1.50E+14
"609,976",HAYT,"$6,906,679 ",1.37,"$6,813,336 ",0,1.50E+14
"609,979",HEALY,"$9,589,496 ",2.07,"$9,395,019 ",0,1.50E+14
"609,981",HEARST,"$3,681,491 ",2.01,"$3,608,951 ",0,1.50E+14
"609,983",HEDGES,"$4,728,939 ",1.51,"$4,658,594 ",0,1.50E+14
"609,985",HEFFERAN,"$2,627,046 ",-2.32,"$2,689,441 ",0,1.50E+14
"609,986",HENDERSON,"$1,904,990 ",3.72,"$1,836,666 ",0,1.50E+14
"609,987",HENDRICKS,"$2,442,915 ",4.11,"$2,346,475 ",0,1.50E+14
"609,988",HENRY,"$3,891,477 ",16.58,"$3,338,031 ",0,1.50E+14
"610,532",HERNANDEZ,"$7,531,419 ",1.42,"$7,425,970 ",0,1.50E+14
"609,991",HERZL,"$4,624,985 ",-1.35,"$4,688,277 ",0,1.50E+14
"609,994",HIBBARD,"$6,677,343 ",2.28,"$6,528,493 ",0,1.50E+14
"610,295",HIGGINS,"$2,190,120 ",6.48,"$2,056,837 ",0,1.50E+14
"609,712",HIRSCH HS,"$1,788,014 ",7.48,"$1,663,578 ",0,1.50E+14
"609,995",HITCH,"$3,833,292 ",-0.48,"$3,851,781 ",0,1.50E+14
"609,996",HOLDEN,"$3,718,560 ",4.68,"$3,552,312 ",0,1.50E+14
"609,997",HOLMES,"$1,427,585 ",-2.5,"$1,464,190 ",0,1.50E+14
"609,768",HOPE HS,"$2,141,506 ",-1.04,"$2,164,012 ",0,1.50E+14
"400,043",HOPE INSTITUTE,"$3,900,526 ",3.59,"$3,765,350 ",0,1.50E+14
"400,167",HORIZON - SOUTHWEST_„(CHARTER),"$9,212,975 ",8,"$8,530,532 ",1,15016299025240C
"610,000",HOWE,"$3,435,904 ",1.13,"$3,397,512 ",0,1.50E+14
"610,002",HOYNE,"$2,036,271 ",5.71,"$1,926,280 ",0,1.50E+14
"609,741",HUBBARD HS,"$15,213,939 ",0.97,"$15,067,782 ",0,1.50E+14
"610,005",HUGHES C,"$1,705,746 ",0.42,"$1,698,612 ",0,1.50E+14
"610,368",HUGHES L,"$4,663,424 ",6.92,"$4,361,601 ",0,1.50E+14
"610,006",HURLEY,"$5,756,751 ",4.63,"$5,502,008 ",0,1.50E+14
"609,713",HYDE PARK HS,"$8,013,516 ",3.91,"$7,711,978 ",0,1.50E+14
"610,384",INFINITY HS,"$3,916,387 ",12.88,"$3,469,514 ",0,1.50E+14
"400,104",INSTITUTO - HEALTH_„(CHARTER),"$10,016,949 ",4.9,"$9,549,046 ",1,15016299025012C
"400,164",INSTITUTO - LOZANO HS_„(CHARTER),"$828,889 ",-22.6,"$1,070,916 ",1,15016299025020C
"610,078",INTER-AMERICAN,"$4,925,894 ",4.46,"$4,715,579 ",0,1.50E+14
"400,162",INTRINSIC HS_„(CHARTER),"$12,617,452 ",1.9,"$12,382,190 ",1,15016299025022C
"610,121",IRVING,"$3,367,107 ",0.27,"$3,358,040 ",0,1.50E+14
"610,060",JACKSON A,"$4,033,377 ",0.16,"$4,026,934 ",0,1.50E+14
"610,369",JACKSON M,"$3,069,896 ",3.39,"$2,969,239 ",0,1.50E+14
"610,010",JAHN,"$2,561,449 ",12.88,"$2,269,179 ",0,1.50E+14
"610,011",JAMIESON,"$6,790,973 ",0.28,"$6,772,011 ",0,1.50E+14
"609,783",JEFFERSON HS,"$2,947,052 ",2.09,"$2,886,720 ",0,1.50E+14
"610,271",JENSEN,"$3,065,394 ",0.65,"$3,045,598 ",0,1.50E+14
"610,274",JOHNSON,"$2,977,363 ",-1.68,"$3,028,237 ",0,1.50E+14
"609,678",JONES HS,"$12,898,630 ",4.64,"$12,326,672 ",0,1.50E+14
"609,805",JOPLIN,"$3,051,914 ",0.62,"$3,033,109 ",0,1.50E+14
"609,865",JORDAN,"$3,965,454 ",6.95,"$3,707,764 ",0,1.50E+14
"609,764",JUAREZ HS,"$14,549,436 ",2.11,"$14,248,787 ",0,1.50E+14
"609,762",JULIAN HS,"$5,061,730 ",-4.69,"$5,310,807 ",0,1.50E+14
"610,015",JUNGMAN,"$3,126,234 ",13.81,"$2,746,889 ",0,1.50E+14
"609,920",KANOON,"$4,762,406 ",2.04,"$4,667,195 ",0,1.50E+14
"610,084",KELLER,"$1,598,407 ",-8.9,"$1,754,563 ",0,1.50E+14
"609,925",KELLMAN,"$2,111,921 ",0.36,"$2,104,345 ",0,1.50E+14
"610,016",KELLOGG,"$2,271,642 ",2.25,"$2,221,655 ",0,1.50E+14
"609,715",KELLY HS,"$17,034,530 ",3.81,"$16,409,334 ",0,1.50E+14
"609,716",KELVYN PARK HS,"$4,361,251 ",-0.54,"$4,384,930 ",0,1.50E+14
"609,718",KENNEDY HS,"$14,595,969 ",1.92,"$14,321,006 ",0,1.50E+14
"609,746",KENWOOD HS,"$12,582,299 ",1.07,"$12,449,094 ",0,1.50E+14
"610,019",KERSHAW,"$2,468,055 ",2.86,"$2,399,431 ",0,1.50E+14
"610,022",KILMER,"$6,395,157 ",0.37,"$6,371,582 ",0,1.50E+14
"610,299",KING ES,"$1,962,456 ",4.99,"$1,869,184 ",0,1.50E+14
"609,751",KING HS,"$5,702,522 ",-1.98,"$5,817,713 ",0,1.50E+14
"610,026",KINZIE,"$5,872,151 ",3.66,"$5,664,819 ",0,1.50E+14
"610,027",KIPLING,"$2,318,467 ",0.61,"$2,304,410 ",0,1.50E+14
"400,146",KIPP - ACADEMY_„(CHARTER),"$4,204,119 ",13.4,"$3,707,336 ",1,15016299025101C
"400,044",KIPP - ASCEND_„(CHARTER),"$10,456,403 ",1.9,"$10,261,436 ",1,15016299025282C
"400,163",KIPP - BLOOM_„(CHARTER),"$4,023,866 ",3.2,"$3,899,095 ",1,15016299025103C
"400,180",KIPP - ONE_„(CHARTER),"$6,201,489 ",42.8,"$4,342,779 ",1,15016299025245C
"610,030",KOZMINSKI,"$1,834,957 ",-1.74,"$1,867,451 ",0,1.50E+14
"609,719",LAKE VIEW HS,"$11,795,282 ",3.23,"$11,426,215 ",0,1.50E+14
"609,720",LANE TECH HS,"$29,673,909 ",2.05,"$29,077,814 ",0,1.50E+14
"609,869",LANGFORD,"$1,954,027 ",-1.53,"$1,984,388 ",0,1.50E+14
"609,993",LARA,"$3,464,464 ",4.34,"$3,320,360 ",0,1.50E+14
"610,033",LASALLE,"$4,659,636 ",8.1,"$4,310,487 ",0,1.50E+14
"610,520",LASALLE II,"$4,423,030 ",2.63,"$4,309,685 ",0,1.50E+14
"610,208",LAVIZZO,"$3,026,195 ",8.59,"$2,786,808 ",0,1.50E+14
"610,034",LAWNDALE,"$1,787,161 ",1.39,"$1,762,660 ",0,1.50E+14
"400,151",LEARN - 7_„(CHARTER),"$3,543,895 ",-3,"$3,653,500 ",1,15016299025276C
"400,046",LEARN - BUTLER_„(CHARTER),"$6,257,872 ",-6.6,"$6,700,077 ",1,15016299025283C
"400,047",LEARN - CAMPBELL_„(CHARTER),"$4,532,463 ",-2.2,"$4,634,420 ",1,15016299025273C
"400,048",LEARN - EXCEL_„(CHARTER),"$5,229,120 ",0.4,"$5,208,287 ",1,15016299025272C
"400,165",LEARN - MIDDLE_„(CHARTER),"$4,111,803 ",16.8,"$3,520,379 ",1,15016299025109C
"400,111",LEARN - PERKINS_„(CHARTER),"$5,505,086 ",-4.9,"$5,788,734 ",1,15016299025275C
"400,107",LEARN - SOUTH CHICAGO_„(CHARTER),"$4,464,636 ",-4.2,"$4,660,372 ",1,15016299025274C
"610,291",LEE,"$6,403,231 ",2.85,"$6,225,796 ",0,1.50E+14
"400,049",LEGACY_„(CHARTER),"$5,553,892 ",1.5,"$5,471,815 ",1,15016299025221C
"400,119",LEGAL PREP HS_„(CHARTER),"$4,293,643 ",5.6,"$4,065,950 ",1,15016299025019C
"610,305",LELAND,"$3,683,437 ",-0.17,"$3,689,710 ",0,1.50E+14
"610,298",LENART,"$1,773,633 ",1.79,"$1,742,443 ",0,1.50E+14
"610,036",LEWIS,"$3,351,076 ",3.13,"$3,249,371 ",0,1.50E+14
"610,037",LIBBY,"$3,414,742 ",3.76,"$3,291,000 ",0,1.50E+14
"610,038",LINCOLN,"$5,148,979 ",3.27,"$4,985,939 ",0,1.50E+14
"609,738",LINCOLN PARK HS,"$15,185,191 ",1.37,"$14,979,965 ",0,1.50E+14
"610,391",LINDBLOM HS,"$10,535,381 ",3.22,"$10,206,724 ",0,1.50E+14
"400,137",LITTLE BLACK PEARL HS,"$1,153,152 ",1.45,"$1,136,670 ",0,1.50E+14
"609,834",LITTLE VILLAGE,"$6,120,610 ",10.75,"$5,526,510 ",0,1.50E+14
"610,040",LLOYD,"$7,237,890 ",2.64,"$7,051,724 ",0,1.50E+14
"400,011",LOCKE A_„(CHARTER),"$5,141,503 ",-2.8,"$5,289,612 ",1,15016299025206C
"610,041",LOCKE J,"$9,369,520 ",-0.02,"$9,371,394 ",0,1.50E+14
"610,325",LOGANDALE,"$5,366,747 ",-1.53,"$5,450,134 ",0,1.50E+14
"610,541",LORCA,"$5,902,536 ",4.78,"$5,633,266 ",0,1.50E+14
"610,043",LOVETT,"$2,565,855 ",2.91,"$2,493,300 ",0,1.50E+14
"610,044",LOWELL,"$3,749,274 ",-1.15,"$3,792,892 ",0,1.50E+14
"610,029",LOZANO,"$2,396,049 ",3.88,"$2,306,555 ",0,1.50E+14
"610,046",LYON,"$10,275,527 ",-2,"$10,485,232 ",0,1.50E+14
"610,215",MADERO,"$2,943,280 ",8.31,"$2,717,459 ",0,1.50E+14
"610,047",MADISON,"$1,946,026 ",2.7,"$1,894,865 ",0,1.50E+14
"610,048",MANIERRE,"$2,765,680 ",9.18,"$2,533,138 ",0,1.50E+14
"609,722",MANLEY HS,"$1,675,831 ",-1.51,"$1,701,524 ",0,1.50E+14
"610,052",MANN,"$2,669,603 ",2.78,"$2,597,395 ",0,1.50E+14
"609,780",MARINE LEADERSHIP AT AMES HS,"$7,768,688 ",2.23,"$7,599,225 ",0,1.50E+14
"610,053",MARQUETTE,"$8,291,206 ",2.8,"$8,065,375 ",0,1.50E+14
"610,054",MARSH,"$5,537,447 ",-0.3,"$5,554,109 ",0,1.50E+14
"609,723",MARSHALL HS,"$3,666,789 ",7.42,"$3,413,507 ",0,1.50E+14
"610,056",MASON,"$2,570,446 ",-3.08,"$2,652,132 ",0,1.50E+14
"609,724",MATHER HS,"$12,029,335 ",2.27,"$11,762,330 ",0,1.50E+14
"610,059",MAYER,"$5,461,602 ",2.03,"$5,352,937 ",0,1.50E+14
"610,290",MAYS,"$2,947,228 ",-0.8,"$2,970,996 ",0,1.50E+14
"609,968",MCAULIFFE,"$5,243,316 ",2.96,"$5,092,576 ",0,1.50E+14
"610,062",MCCLELLAN,"$3,214,124 ",6.54,"$3,016,824 ",0,1.50E+14
"610,063",MCCORMICK,"$4,936,246 ",-1.14,"$4,993,168 ",0,1.50E+14
"610,269",MCCUTCHEON,"$3,872,876 ",4.46,"$3,707,521 ",0,1.50E+14
"610,066",MCDADE,"$1,486,037 ",3.85,"$1,430,946 ",0,1.50E+14
"610,312",MCDOWELL,"$1,056,349 ",-1.39,"$1,071,239 ",0,1.50E+14
"610,067",MCKAY,"$5,986,050 ",-1.53,"$6,079,060 ",0,1.50E+14
"610,282",MCNAIR,"$4,125,816 ",2.8,"$4,013,440 ",0,1.50E+14
"610,070",MCPHERSON,"$6,677,758 ",3.49,"$6,452,564 ",0,1.50E+14
"610,293",MELODY,"$3,374,646 ",1.64,"$3,320,195 ",0,1.50E+14
"609,902",METCALFE,"$2,743,892 ",3.93,"$2,640,135 ",0,1.50E+14
"610,171",MIRELES,"$3,906,670 ",-0.87,"$3,940,956 ",0,1.50E+14
"610,073",MITCHELL,"$2,789,287 ",4.54,"$2,668,153 ",0,1.50E+14
"610,276",MOLLISON,"$2,858,734 ",-2.65,"$2,936,553 ",0,1.50E+14
"610,074",MONROE,"$5,777,409 ",0.86,"$5,728,147 ",0,1.50E+14
"400,116",MONTESSORI ENGLEWOOD_„(CHARTER),"$2,849,484 ",4.5,"$2,726,779 ",1,15016299025233C
"610,076",MOOS,"$3,654,675 ",-4.52,"$3,827,686 ",0,1.50E+14
"609,725",MORGAN PARK HS,"$11,581,317 ",-2.06,"$11,824,910 ",0,1.50E+14
"610,077",MORRILL,"$4,940,524 ",-2.24,"$5,053,727 ",0,1.50E+14
"610,257",MORTON,"$2,364,261 ",-4.01,"$2,463,028 ",0,1.50E+14
"610,082",MOUNT GREENWOOD,"$6,723,755 ",1.94,"$6,595,797 ",0,1.50E+14
"610,086",MOUNT VERNON,"$2,034,032 ",6.7,"$1,906,309 ",0,1.50E+14
"400,178",MOVING EVEREST_„(CHARTER),"$5,285,556 ",25.9,"$4,198,218 ",1,15016299025244C
"610,088",MOZART,"$4,809,248 ",-1.39,"$4,877,039 ",0,1.50E+14
"610,385",MULTICULTURAL HS,"$2,379,602 ",3,"$2,310,293 ",0,1.50E+14
"610,089",MURPHY,"$4,024,116 ",1.83,"$3,951,798 ",0,1.50E+14
"610,090",MURRAY,"$4,197,182 ",7.64,"$3,899,277 ",0,1.50E+14
"400,050",NAMASTE_„(CHARTER),"$5,899,617 ",2.7,"$5,744,515 ",1,15016299025218C
"610,092",NASH,"$1,906,180 ",1.3,"$1,881,718 ",0,1.50E+14
"610,231",NATIONAL TEACHERS,"$5,290,680 ",-2.75,"$5,440,288 ",0,1.50E+14
"610,093",NEIL,"$4,286,089 ",0.51,"$4,264,341 ",0,1.50E+14
"610,094",NETTELHORST,"$5,128,206 ",-0.17,"$5,136,939 ",0,1.50E+14
"610,284",NEW FIELD,"$4,919,984 ",3.77,"$4,741,239 ",0,1.50E+14
"610,193",NEW SULLIVAN,"$4,537,507 ",1.81,"$4,456,838 ",0,
"610,095",NEWBERRY,"$4,642,507 ",1.67,"$4,566,251 ",0,1.50E+14
"609,793",NICHOLSON,"$4,251,786 ",2.3,"$4,156,194 ",0,1.50E+14
"610,096",NIGHTINGALE,"$8,489,470 ",3.38,"$8,211,908 ",0,1.50E+14
"609,961",NINOS HEROES,"$2,855,349 ",-2.11,"$2,916,895 ",0,1.50E+14
"610,097",NIXON,"$5,965,263 ",9.49,"$5,448,226 ",0,1.50E+14
"400,045",NKRUMAH_„(CHARTER),"$1,850,761 ",-11,"$2,079,507 ",1,15016299025231C
"610,098",NOBEL,"$5,718,152 ",-2.66,"$5,874,411 ",0,1.50E+14
"400,170",Noble -  ACADEMY HS_„(CHARTER),"$5,739,609 ",2.7,"$5,588,714 ",1,15016299025043C
"400,157",Noble -  BAKER HS_„(CHARTER),"$4,104,291 ",-8.1,"$4,466,040 ",1,15016299025040C
"400,097",Noble -  BULLS HS_„(CHARTER),"$12,817,127 ",0.6,"$12,740,683 ",1,15016299025034C
"400,156",Noble -  BUTLER HS_„(CHARTER),"$7,840,712 ",3.4,"$7,582,894 ",1,15016299025039C
"400,052",Noble -  COMER_„(CHARTER),"$13,062,329 ",-1.5,"$13,261,248 ",1,15016299025032C
"400,118",Noble -  DRW HS_„(CHARTER),"$7,473,275 ",9.2,"$6,843,658 ",1,15016299025038C
"400,053",Noble -  GOLDER HS_„(CHARTER),"$8,365,720 ",2.8,"$8,137,860 ",1,15016299025031C
"400,117",Noble -  HANSBERRY HS_„(CHARTER),"$8,912,311 ",8.3,"$8,229,281 ",1,15016299025037C
"400,169",Noble -  ITW SPEER HS_„(CHARTER),"$12,660,245 ",2.1,"$12,399,848 ",1,15016299025042C
"400,106",Noble -  JOHNSON HS_„(CHARTER),"$10,500,408 ",10.9,"$9,468,357 ",1,15016299025036C
"400,179",Noble -  MANSUETO HS_„(CHARTER),"$9,256,044 ",45.3,"$6,370,299 ",1,15016299025044C
"400,098",Noble -  MUCHIN HS_„(CHARTER),"$11,755,244 ",2.8,"$11,435,062 ",1,15016299025035C
"400,051",Noble -  NOBLE HS_„(CHARTER),"$8,194,513 ",5.3,"$7,782,064 ",1,15016299025041C
"400,054",Noble -  PRITZKER HS_„(CHARTER),"$12,185,135 ",3.4,"$11,784,463 ",1,15016299025028C
"400,055",Noble -  RAUNER HS_„(CHARTER),"$7,837,022 ",2.4,"$7,653,342 ",1,15016299025029C
"400,056",Noble -  ROWE CLARK HS_„(CHARTER),"$5,884,323 ",-3.9,"$6,123,125 ",1,15016299025030C
"400,057",Noble - _„UIC_„HS_„(CHARTER),"$10,717,231 ",1.9,"$10,517,400 ",1,15016299025033C
"400,058",NORTH LAWNDALE - CHRISTIANA HS(CHARTER),"$4,184,701 ",0.2,"$4,176,348 ",1,15016299025084C
"400,059",NORTH LAWNDALE - COLLINS HS(CHARTER),"$3,924,949 ",-4.4,"$4,105,595 ",1,15016299025046C
"610,354",NORTH RIVER,"$2,578,728 ",7.18,"$2,405,979 ",0,1.50E+14
"609,691",NORTH-GRAND HS,"$8,866,332 ",4.15,"$8,513,041 ",0,1.50E+14
"609,744",NORTHSIDE LEARNING HS,"$5,643,029 ",1.23,"$5,574,463 ",0,1.50E+14
"609,749",NORTHSIDE PREP HS,"$7,707,525 ",-0.63,"$7,756,390 ",0,1.50E+14
"610,051",NORTHWEST,"$3,951,461 ",11.14,"$3,555,390 ",0,1.50E+14
"610,099",NORWOOD PARK,"$2,993,371 ",5.5,"$2,837,318 ",0,1.50E+14
"610,101",OGDEN ES,"$10,042,938 ",18.53,"$8,472,908 ",0,1.50E+14
"610,529",OGDEN HS,"$4,473,536 ",18.53,"$3,774,180 ",0,1.50E+14
"610,102",OGLESBY,"$4,013,276 ",1.25,"$3,963,729 ",0,1.50E+14
"610,103",OKEEFFE,"$4,819,245 ",1.81,"$4,733,567 ",0,1.50E+14
"610,104",ONAHAN,"$4,232,661 ",1.34,"$4,176,693 ",0,1.50E+14
"610,105",ORIOLE PARK,"$4,519,587 ",4.19,"$4,337,832 ",0,1.50E+14
"610,329",OROZCO,"$4,469,366 ",-1.44,"$4,534,665 ",0,1.50E+14
"610,389",ORR HS,"$3,123,625 ",-1.53,"$3,172,159 ",0,1.50E+14
"609,950",ORTIZ DE DOMINGUEZ,"$3,570,982 ",-4.56,"$3,741,599 ",0,1.50E+14
"610,107",OTIS,"$4,457,945 ",3.94,"$4,288,960 ",0,1.50E+14
"610,108",OTOOLE,"$2,630,191 ",-1.73,"$2,676,494 ",0,1.50E+14
"610,109",OWEN,"$2,235,972 ",2.64,"$2,178,461 ",0,1.50E+14
"609,943",OWENS,"$3,211,278 ",0.18,"$3,205,508 ",0,1.50E+14
"610,111",PALMER,"$5,696,441 ",2.17,"$5,575,454 ",0,1.50E+14
"610,115",PARK MANOR,"$2,253,881 ",-2.7,"$2,316,424 ",0,1.50E+14
"610,112",PARKER,"$3,318,764 ",2.87,"$3,226,173 ",0,1.50E+14
"610,116",PARKSIDE,"$2,025,085 ",7.23,"$1,888,543 ",0,1.50E+14
"610,117",PASTEUR,"$5,300,240 ",0.32,"$5,283,333 ",0,1.50E+14
"609,680",PAYTON HS,"$8,210,114 ",5.46,"$7,785,050 ",0,1.50E+14
"610,386",PEACE AND EDUCATION HS,"$1,225,217 ",1.85,"$1,202,962 ",0,1.50E+14
"610,120",PECK,"$5,718,778 ",2.52,"$5,578,207 ",0,1.50E+14
"610,122",PEIRCE,"$7,308,444 ",7.25,"$6,814,400 ",0,1.50E+14
"610,123",PENN,"$2,964,077 ",-0.48,"$2,978,373 ",0,1.50E+14
"609,872",PEREZ,"$2,385,788 ",-0.1,"$2,388,176 ",0,1.50E+14
"610,126",PERSHING,"$4,337,319 ",-2.81,"$4,462,721 ",0,1.50E+14
"400,064",PERSPECTIVES - JOSLIN HS_„(CHARTER),"$4,686,009 ",-5,"$4,932,641 ",1,15016299025050C
"400,061",PERSPECTIVES - LEADERSHIP HS(CHARTER),"$4,462,320 ",-12,"$5,070,818 ",1,15016299025051C
"400,066",PERSPECTIVES - MATH & SCI HS(CHARTER),"$5,211,022 ",-5.3,"$5,502,663 ",1,15016299025053C
"400,062",PERSPECTIVES - TECH HS_„(CHARTER),"$3,871,206 ",-1.7,"$3,938,155 ",1,15016299025052C
"610,127",PETERSON,"$6,441,187 ",1.76,"$6,329,783 ",0,1.50E+14
"609,727",PHILLIPS HS,"$6,076,311 ",1.88,"$5,964,184 ",0,1.50E+14
"610,304",PHOENIX MILITARY HS,"$5,133,340 ",8.17,"$4,745,623 ",0,1.50E+14
"610,106",PICCOLO,"$4,308,208 ",4.51,"$4,122,293 ",0,1.50E+14
"610,129",PICKARD,"$3,736,485 ",11.94,"$3,337,936 ",0,1.50E+14
"610,013",PILSEN,"$3,077,758 ",11.02,"$2,772,255 ",0,1.50E+14
"610,130",PIRIE,"$2,152,619 ",-3.76,"$2,236,720 ",0,1.50E+14
"610,131",PLAMONDON,"$1,339,522 ",22.38,"$1,094,560 ",0,1.50E+14
"400,068",PLATO,"$2,980,346 ",0.19,"$2,974,694 ",0,1.50E+14
"610,132",POE,"$1,539,839 ",-1.19,"$1,558,384 ",0,1.50E+14
"400,069",POLARIS_„(CHARTER),"$4,545,392 ",-3.1,"$4,690,807 ",1,15016299025226C
"610,135",PORTAGE PARK,"$6,658,195 ",3.88,"$6,409,506 ",0,1.50E+14
"610,281",POWELL,"$4,677,816 ",2.02,"$4,585,195 ",0,1.50E+14
"610,136",PRESCOTT,"$3,144,708 ",9.55,"$2,870,569 ",0,1.50E+14
"610,533",PRIETO,"$7,696,954 ",4.3,"$7,379,630 ",0,1.50E+14
"610,229",PRITZKER,"$4,750,092 ",0.17,"$4,742,031 ",0,1.50E+14
"609,679",PROSSER HS,"$11,796,682 ",2.77,"$11,478,721 ",0,1.50E+14
"400,071",PROVIDENCE ENGLEWOOD_„(CHARTER),"$5,338,638 ",3.9,"$5,138,246 ",1,15016299025224C
"610,137",PRUSSING,"$5,265,879 ",5.79,"$4,977,672 ",0,1.50E+14
"610,138",PULASKI,"$6,115,294 ",2.8,"$5,948,730 ",0,1.50E+14
"610,139",PULLMAN,"$2,995,145 ",3.34,"$2,898,340 ",0,1.50E+14
"610,334",RABY HS,"$4,011,500 ",-0.9,"$4,047,931 ",0,1.50E+14
"609,941",RANDOLPH,"$3,730,095 ",6.61,"$3,498,823 ",0,1.50E+14
"610,141",RAVENSWOOD,"$3,683,898 ",-0.49,"$3,702,038 ",0,1.50E+14
"610,142",RAY,"$5,026,530 ",3.9,"$4,837,854 ",0,1.50E+14
"610,143",REAVIS,"$1,795,685 ",3.77,"$1,730,447 ",0,1.50E+14
"610,144",REILLY,"$6,793,583 ",3.23,"$6,581,016 ",0,1.50E+14
"610,145",REINBERG,"$6,489,343 ",0.04,"$6,486,748 ",0,1.50E+14
"610,146",REVERE,"$1,698,306 ",6.9,"$1,588,687 ",0,1.50E+14
"609,682",RICHARDS HS,"$2,350,654 ",4.56,"$2,248,139 ",0,1.50E+14
"610,588",RICHARDSON,"$8,673,045 ",-0.73,"$8,736,824 ",0,1.50E+14
"610,390",RICKOVER MILITARY HS,"$5,052,705 ",5.49,"$4,789,748 ",0,1.50E+14
"610,256",ROBINSON,"$986,241 ",20.22,"$820,364 ",0,1.50E+14
"610,147",ROGERS,"$5,503,152 ",0.22,"$5,491,072 ",0,1.50E+14
"609,728",ROOSEVELT HS,"$10,021,075 ",1.11,"$9,911,062 ",0,1.50E+14
"400,096",ROWE_„(CHARTER),"$10,741,133 ",0.2,"$10,719,694 ",1,15016299025230C
"610,308",RUDOLPH,"$2,573,622 ",1.19,"$2,543,356 ",0,1.50E+14
"610,152",RUGGLES,"$2,784,773 ",-1.48,"$2,826,607 ",0,1.50E+14
"610,125",RUIZ,"$5,460,997 ",0.18,"$5,451,185 ",0,1.50E+14
"610,153",RYDER,"$3,914,592 ",5.39,"$3,714,387 ",0,1.50E+14
"610,342",SABIN,"$4,478,724 ",2.4,"$4,373,754 ",0,1.50E+14
"610,250",SALAZAR,"$2,738,151 ",5.01,"$2,607,515 ",0,1.50E+14
"610,226",SANDOVAL,"$7,076,095 ",1.51,"$6,970,835 ",0,1.50E+14
"610,017",SAUCEDO,"$7,324,405 ",0.43,"$7,293,045 ",0,1.50E+14
"610,155",SAUGANASH,"$3,819,958 ",8.36,"$3,525,247 ",0,1.50E+14
"610,157",SAWYER,"$10,898,611 ",-0.19,"$10,919,358 ",0,1.50E+14
"610,158",SAYRE,"$3,179,422 ",3.67,"$3,066,868 ",0,1.50E+14
"610,159",SCAMMON,"$5,403,492 ",0.02,"$5,402,412 ",0,1.50E+14
"610,178",SCHMID,"$1,396,359 ",-8.31,"$1,522,913 ",0,1.50E+14
"610,165",SCHUBERT,"$5,112,248 ",-2.17,"$5,225,644 ",0,1.50E+14
"609,729",SCHURZ HS,"$15,890,604 ",2.93,"$15,438,263 ",0,1.50E+14
"609,730",SENN HS,"$12,566,518 ",2.32,"$12,281,585 ",0,1.50E+14
"610,167",SEWARD,"$5,239,595 ",2.24,"$5,124,799 ",0,1.50E+14
"610,081",SHERIDAN,"$4,052,861 ",1.12,"$4,007,972 ",0,1.50E+14
"610,172",SHERMAN,"$1,996,981 ",4.79,"$1,905,698 ",0,1.50E+14
"610,173",SHERWOOD,"$2,583,852 ",8.35,"$2,384,727 ",0,1.50E+14
"610,174",SHIELDS,"$5,957,294 ",-0.93,"$6,013,217 ",0,1.50E+14
"610,559",SHIELDS MIDDLE,"$4,981,229 ",3.72,"$4,802,573 ",0,1.50E+14
"610,175",SHOESMITH,"$2,668,413 ",3.04,"$2,589,687 ",0,1.50E+14
"610,176",SHOOP,"$3,186,705 ",0.29,"$3,177,490 ",0,1.50E+14
"609,692",SIMEON HS,"$11,069,159 ",2.38,"$10,811,837 ",0,1.50E+14
"609,750",SIMPSON HS,"$593,930 ",1.79,"$583,486 ",0,1.50E+14
"610,177",SKINNER,"$6,757,282 ",0.37,"$6,732,372 ",0,1.50E+14
"610,534",SKINNER NORTH,"$3,382,036 ",5.43,"$3,207,850 ",0,1.50E+14
"609,978",SMITH,"$2,674,722 ",2.48,"$2,609,994 ",0,1.50E+14
"610,179",SMYSER,"$6,493,984 ",-0.91,"$6,553,622 ",0,1.50E+14
"610,180",SMYTH,"$3,922,596 ",5.32,"$3,724,455 ",0,1.50E+14
"610,383",SOCIAL JUSTICE HS,"$2,759,010 ",2.27,"$2,697,771 ",0,1.50E+14
"610,182",SOLOMON,"$3,167,274 ",0.45,"$3,153,085 ",0,1.50E+14
"610,543",SOLORIO HS,"$10,178,443 ",5.71,"$9,628,647 ",0,1.50E+14
"609,990",SOUTH LOOP,"$4,869,460 ",1.56,"$4,794,663 ",0,1.50E+14
"610,530",SOUTH SHORE ES,"$3,387,638 ",-7.41,"$3,658,751 ",0,1.50E+14
"610,547",SOUTH SHORE INTL HS,"$5,823,747 ",1.43,"$5,741,642 ",0,1.50E+14
"610,586",SOUTHEAST,"$3,925,975 ",16.86,"$3,359,554 ",0,1.50E+14
"609,745",SOUTHSIDE HS,"$6,359,466 ",1.39,"$6,272,281 ",0,1.50E+14
"610,183",SPENCER,"$4,378,535 ",-6.55,"$4,685,431 ",0,1.50E+14
"610,184",SPRY ES,"$4,116,922 ",0.39,"$4,100,928 ",0,1.50E+14
"610,357",SPRY HS,"$1,698,778 ",9.71,"$1,548,426 ",0,1.50E+14
"610,339",STAGG,"$3,021,842 ",0.32,"$3,012,203 ",0,1.50E+14
"609,732",STEINMETZ HS,"$11,693,756 ",0.83,"$11,597,497 ",0,1.50E+14
"610,548",STEM,"$3,158,533 ",0.41,"$3,145,636 ",0,1.50E+14
"610,185",STEVENSON,"$9,720,535 ",3.41,"$9,399,995 ",0,1.50E+14
"610,163",STOCK,"$805,140 ",1.71,"$791,604 ",0,1.50E+14
"610,191",STONE,"$4,781,749 ",1.55,"$4,708,763 ",0,1.50E+14
"610,192",STOWE,"$4,922,240 ",1.36,"$4,856,196 ",0,1.50E+14
"610,405",SUDER,"$3,755,637 ",4.03,"$3,610,148 ",0,1.50E+14
"609,733",SULLIVAN HS,"$7,399,072 ",6.85,"$6,924,728 ",0,1.50E+14
"610,194",SUMNER,"$2,058,192 ",10.24,"$1,867,010 ",0,1.50E+14
"610,195",SUTHERLAND,"$4,035,958 ",-1.9,"$4,114,126 ",0,1.50E+14
"610,196",SWIFT,"$4,978,905 ",1.96,"$4,883,194 ",0,1.50E+14
"609,734",TAFT HS,"$24,161,980 ",2.11,"$23,662,697 ",0,1.50E+14
"610,197",TALCOTT,"$3,997,220 ",0.4,"$3,981,295 ",0,1.50E+14
"610,249",TALMAN,"$3,452,841 ",7.58,"$3,209,557 ",0,1.50E+14
"610,279",TANNER,"$2,809,355 ",-2.59,"$2,884,052 ",0,1.50E+14
"610,396",TARKINGTON,"$7,142,863 ",4.95,"$6,805,968 ",0,1.50E+14
"610,198",TAYLOR,"$3,389,800 ",-4.61,"$3,553,622 ",0,1.50E+14
"610,506",TEAM HS,"$1,729,423 ",3.94,"$1,663,867 ",0,1.50E+14
"609,921",TELPOCHCALLI,"$2,851,584 ",1.34,"$2,813,878 ",0,1.50E+14
"610,504",THOMAS,"$455,090 ",15,"$395,730 ",0,1.50E+14
"610,200",THORP J,"$3,173,035 ",1.98,"$3,111,429 ",0,1.50E+14
"610,201",THORP O,"$6,552,766 ",2.71,"$6,379,871 ",0,1.50E+14
"609,735",TILDEN HS,"$3,097,544 ",2.89,"$3,010,539 ",0,1.50E+14
"610,065",TILL,"$2,484,326 ",-2,"$2,535,027 ",0,1.50E+14
"610,202",TILTON,"$2,379,154 ",0.38,"$2,370,147 ",0,1.50E+14
"610,203",TONTI,"$6,926,575 ",3.27,"$6,707,248 ",0,1.50E+14
"609,895",TURNER-DREW,"$2,342,005 ",1.06,"$2,317,440 ",0,1.50E+14
"610,206",TWAIN,"$7,914,188 ",2.31,"$7,735,498 ",0,1.50E+14
"400,075",U OF C - DONOGHUE_„(CHARTER),"$4,929,702 ",-2.7,"$5,066,497 ",1,15016299025281C
"400,076",U OF C - NKO_„(CHARTER),"$3,262,583 ",-4,"$3,398,524 ",1,15016299025258C
"400,077",U OF C - WOODLAWN HS_„(CHARTER),"$7,712,427 ",1.4,"$7,605,944 ",1,15016299025107C
"400,078",U OF C - WOODSON_„(CHARTER),"$1,773,112 ",-18.5,"$2,175,598 ",1,15016299025108C
"610,394",UPLIFT HS,"$3,141,752 ",-0.36,"$3,153,103 ",0,1.50E+14
"400,105",URBAN PREP - BRONZEVILLE HS(CHARTER),"$3,563,567 ",-4.1,"$3,715,920 ",1,15016299025013C
"400,086",URBAN PREP - ENGLEWOOD HS(CHARTER),"$3,594,947 ",9.6,"$3,280,061 ",1,15016299025010C
"400,102",URBAN PREP - WEST HS_„(CHARTER),"$2,371,530 ",-12.3,"$2,704,139 ",1,15016299025016C
"610,207",VANDERPOEL,"$2,394,925 ",2.21,"$2,343,142 ",0,1.50E+14
"609,766",VAUGHN HS,"$4,791,841 ",1.66,"$4,713,595 ",0,1.50E+14
"609,871",VICK,"$949,130 ",13.84,"$833,740 ",0,1.50E+14
"610,209",VOLTA,"$6,459,673 ",2.69,"$6,290,460 ",0,1.50E+14
"610,039",VON LINNE,"$4,771,580 ",0.54,"$4,745,952 ",0,1.50E+14
"609,737",VON STEUBEN HS,"$13,362,871 ",1.49,"$13,166,687 ",0,1.50E+14
"610,366",WACKER,"$2,181,222 ",-3.78,"$2,266,911 ",0,1.50E+14
"610,213",WADSWORTH,"$3,801,871 ",-2.19,"$3,886,996 ",0,1.50E+14
"610,216",WALSH,"$3,185,969 ",8.62,"$2,933,133 ",0,1.50E+14
"610,217",WARD J,"$4,000,823 ",3.08,"$3,881,280 ",0,1.50E+14
"610,133",WARD L,"$3,308,563 ",-2.84,"$3,405,273 ",0,1.50E+14
"610,218",WARREN,"$1,691,828 ",0.34,"$1,686,095 ",0,1.50E+14
"610,219",WASHINGTON G ES,"$5,771,520 ",0.55,"$5,739,950 ",0,1.50E+14
"610,124",WASHINGTON H ES,"$2,619,059 ",-3.3,"$2,708,437 ",0,1.50E+14
"609,739",WASHINGTON HS,"$12,189,743 ",6.53,"$11,442,545 ",0,1.50E+14
"610,220",WATERS,"$3,941,571 ",1.19,"$3,895,218 ",0,1.50E+14
"610,221",WEBSTER,"$1,783,934 ",1.28,"$1,761,388 ",0,1.50E+14
"610,110",WELLS ES,"$2,674,275 ",4.23,"$2,565,744 ",0,1.50E+14
"609,740",WELLS HS,"$3,952,078 ",1.38,"$3,898,282 ",0,1.50E+14
"610,223",WENTWORTH,"$3,830,095 ",-3.34,"$3,962,441 ",0,1.50E+14
"610,100",WEST PARK,"$4,343,453 ",2.79,"$4,225,560 ",0,1.50E+14
"610,542",WEST RIDGE,"$6,090,174 ",0.72,"$6,046,638 ",0,1.50E+14
"610,300",WESTCOTT,"$2,939,411 ",1.5,"$2,895,971 ",0,1.50E+14
"609,693",WESTINGHOUSE HS,"$9,521,385 ",1.54,"$9,376,980 ",0,1.50E+14
"610,225",WHISTLER,"$2,809,041 ",-2.92,"$2,893,532 ",0,1.50E+14
"610,315",WHITE,"$1,196,693 ",-1.56,"$1,215,657 ",0,1.50E+14
"610,227",WHITNEY,"$6,795,334 ",-1.37,"$6,889,723 ",0,1.50E+14
"610,228",WHITTIER,"$2,016,288 ",5.03,"$1,919,726 ",0,1.50E+14
"610,230",WILDWOOD,"$3,680,781 ",2.48,"$3,591,707 ",0,1.50E+14
"610,380",WILLIAMS HS,"$2,118,525 ",-0.48,"$2,128,743 ",0,1.50E+14
"609,977",WOODLAWN,"$1,465,550 ",11.37,"$1,315,929 ",0,1.50E+14
"610,345",WOODSON,"$2,893,946 ",-1.2,"$2,929,095 ",0,1.50E+14
"610,392",WORLD LANGUAGE HS,"$3,134,677 ",5.62,"$2,967,882 ",0,1.50E+14
"610,234",YATES,"$4,337,900 ",0.85,"$4,301,339 ",0,1.50E+14
"609,748",YORK HS,"$2,186,383 ",1.79,"$2,147,935 ",0,1.50E+14
"610,235",YOUNG ES,"$6,020,216 ",-0.13,"$6,028,052 ",0,1.50E+14
"609,755",YOUNG HS,"$15,110,508 ",2.18,"$14,788,127 ",0,1.50E+14
"400,087",YOUNG WOMENS HS_„(CHARTER),"$2,434,550 ",-4.2,"$2,541,284 ",1,15016299025007C
"609,973",ZAPATA,"$6,001,107 ",12.89,"$5,315,889 ",0,1.50E+14